B2_humeda,B3_humeda,B4_humeda,B5_humeda,B6_humeda,B7_humeda,B8_humeda,B8A_humeda,B11_humeda,B12_humeda,NDVI_humeda,NDWI_humeda,MNDWI_humeda,NDBI_humeda,BSI_humeda,SAVI_humeda,B2_seca,B3_seca,B4_seca,B5_seca,B6_seca,B7_seca,B8_seca,B8A_seca,B11_seca,B12_seca,NDVI_seca,NDWI_seca,MNDWI_seca,NDBI_seca,BSI_seca,SAVI_seca,dNDVI,dNDWI,dMNDWI,dBSI,dSAVI,clase,bloque,anio,lon,lat
0.0375,0.0618,0.0757,0.0691,0.0202,0.02385,0.01575,0.01145,0.0064,0.00705,-0.65554947,0.59381044,0.8123167,-0.4221219,0.21315107,-0.1520415918253305,0.0304,0.04385,0.04655,0.04175,0.01795,0.01765,0.01355,0.01145,0.00665,0.00635,-0.54908484,0.5278746,0.73663366,-0.34158418,0.09521356,-0.0883770702934246,-0.10646464,0.06593587,0.07568304,0.117937505,-0.0636645215319058,7,885209526,2019,-57.38918633632508,-23.66705939117712
0.0346,0.0579,0.043,0.0956,0.2188,0.2971,0.2822,0.3095,0.1281,0.0655,0.73554736,-0.6595119,-0.37741932,-0.37557888,-0.2986268,0.4348036916723524,0.0938,0.1172,0.1428,0.1796,0.2158,0.2351,0.2492,0.272,0.4373,0.3929,0.27142856,-0.360262,-0.5772768,0.27399853,0.2568519,0.1789237626360635,0.46411878,-0.29924992,0.19985749,-0.5554787,0.2558799290362889,4,884909526,2023,-57.50444018727761,-23.655830450125624
0.0497,0.07565,0.0738,0.1351,0.24915,0.2929,0.3049,0.31745,0.2379,0.16185,0.6102456,-0.6024175,-0.51746136,-0.12343402,-0.0643854,0.3945032367927328,0.0371,0.0582,0.049,0.1091,0.2225,0.2625,0.2752,0.2878,0.2101,0.1397,0.6977175,-0.65086985,-0.5661573,-0.13414386,-0.09310468,0.4116719396036525,-0.087471895,0.04845228,0.04869593,0.028719284,-0.0171687028109196,6,884909497,2023,-57.52348447130094,-25.101579068387583
0.0535,0.0786,0.0747,0.136,0.2235,0.2623,0.2426,0.2921,0.2977,0.192,0.5291522,-0.5105853,-0.5822482,0.10198037,0.114136115,0.3081487783873687,0.0487,0.069,0.0753,0.127,0.18525,0.20915,0.1908,0.22895,0.29175,0.211,0.43404734,-0.46882218,-0.61746365,0.20920116,0.21028772,0.2261454042322196,0.09510488,-0.041763138,0.035215434,-0.096151605,0.0820033741551491,3,882009534,2019,-58.99384692834777,-23.2828499441592
0.06815,0.09845,0.09185,0.1601,0.24265,0.2757,0.2741,0.3093,0.30825,0.19695,0.49801886,-0.47148037,-0.51585937,0.058641717,0.0779282,0.3156937593964688,0.0517,0.072,0.0814,0.1197,0.2097,0.2382,0.2504,0.2678,0.2813,0.1824,0.50934297,-0.5533499,-0.5924144,0.05811548,0.09115524,0.3047607704846156,-0.011324117,0.08186954,0.07655503,-0.013227038,0.0109329889118531,3,881909532,2023,-59.02627611010449,-23.361632194576483
0.04,0.0739,0.0558,0.12,0.2569,0.2937,0.298,0.3191,0.2291,0.1284,0.6845676,-0.6025813,-0.5122112,-0.13071524,-0.08524644,0.4255095006377105,0.07265,0.1004,0.1288,0.1636,0.20205,0.22695,0.2377,0.2615,0.3392,0.2394,0.29713506,-0.40609288,-0.5432211,0.17594035,0.20254384,0.1885170139187507,0.38743252,-0.19648848,0.031009866,-0.28779027,0.2369924867189598,3,883509523,2021,-58.202610826095295,-23.80324398824964
0.0337,0.0761,0.0405,0.1156,0.2893,0.3477,0.342,0.3707,0.1917,0.1008,0.7882353,-0.63597226,-0.43166542,-0.2816189,-0.23605858,0.5124645975007283,0.0361,0.0459,0.0481,0.0612,0.0767,0.0863,0.1122,0.0957,0.0629,0.0327,0.39987525,-0.41935486,-0.15625001,-0.2815534,-0.14384884,0.1456156320380405,0.38836005,-0.21661742,-0.27541542,-0.09220974,0.3668489654626877,2,885209526,2023,-57.36591997046638,-23.67873748987068
0.1088,0.1222,0.1284,0.1282,0.0783,0.0792,0.076,0.0632,0.042,0.0414,-0.25636008,0.23309788,0.48842874,-0.2881356,-0.040540546,-0.1115843286365235,0.01745,0.02395,0.0342,0.03395,0.0162,0.01705,0.0153,0.01275,0.00825,0.0059,-0.3818182,0.22038215,0.48757762,-0.29936308,0.12898938,-0.0515923604187371,0.1254581,0.0127157355,0.0008511105,-0.16952993,-0.0599919682177864,7,884809535,2023,-57.56669343646709,-23.205415166668097
0.0505,0.0727,0.0696,0.12425,0.21665,0.25435,0.248,0.2791,0.27695,0.1772,0.56171286,-0.5466168,-0.58415556,0.05514812,0.07449036,0.3272994049176784,0.0316,0.04955,0.03775,0.08855,0.2056,0.2379,0.2327,0.26905,0.185,0.09345,0.7208357,-0.6488928,-0.5774888,-0.1141968,-0.08530952,0.379550923545613,-0.15912282,0.102276064,-0.0066667716,0.15979987,-0.0522515186279345,1,881709531,2023,-59.13640956393754,-23.41445313328271
0.0288,0.0544,0.0406,0.0958,0.2083,0.25,0.2484,0.2681,0.1482,0.074,0.71903116,-0.6406869,-0.46298125,-0.2526475,-0.18969956,0.3950570336747732,0.053,0.0719,0.0822,0.1175,0.1748,0.2027,0.2172,0.2306,0.2259,0.1322,0.4509018,-0.50259423,-0.51712555,0.01963439,0.065536916,0.2533149841270664,0.26812932,-0.13809268,0.05414431,-0.25523648,0.1417420495477068,1,884509522,2021,-57.722461306733415,-23.88247539630898
0.02515,0.0614,0.0292,0.09095,0.31125,0.37745,0.3559,0.38845,0.1964,0.09495,0.84835106,-0.7057273,-0.52366173,-0.2887923,-0.2562433,0.553666239689301,0.0493,0.0631,0.0783,0.1078,0.1414,0.163,0.1702,0.1948,0.2174,0.1636,0.36981893,-0.4590656,-0.5500891,0.12177501,0.14790371,0.1841683474851229,0.47853214,-0.24666171,0.026427355,-0.404147,0.3694978922041779,2,885409522,2021,-57.29306660092429,-23.88894326635464
0.02825,0.0501,0.03825,0.08595,0.2334,0.2844,0.2676,0.3194,0.1799,0.09035,0.7498774,-0.6846081,-0.56434786,-0.19597764,-0.1511673,0.4269094760512442,0.0295,0.0501,0.0403,0.0894,0.2367,0.303,0.3144,0.3427,0.1799,0.0895,0.7727657,-0.7251029,-0.56434786,-0.27210194,-0.21928734,0.4810459650313223,-0.022888312,0.04049475,0.0,0.06812003,-0.054136488980078,2,884709535,2023,-57.6411637735206,-23.21170337365693
0.1371,0.1541,0.1572,0.16145,0.2178,0.2337,0.2126,0.24165,0.1959,0.17955,0.14981072,-0.15953094,-0.11942855,-0.040881272,0.004837789,0.0955392042139072,0.1346,0.1506,0.1543,0.1721,0.1944,0.20275,0.1886,0.20785,0.2295,0.27915,0.100029156,-0.11202831,-0.20757695,0.09782347,0.08571428,0.0610392676796203,0.049781553,-0.047502626,0.08814839,-0.08087649,0.0344999365342869,6,884909497,2019,-57.536959200562734,-25.110023232058307
0.1384,0.1718,0.1724,0.2194,0.2615,0.2824,0.289,0.31075,0.39815,0.3891,0.25270915,-0.2543403,-0.3971401,0.15884449,0.14344405,0.1819222070110722,0.07385,0.10225,0.116,0.1718,0.2731,0.30505,0.3268,0.3436,0.3128,0.20115,0.47606143,-0.52336556,-0.5072883,-0.021888679,0.03393815,0.3353839552613649,-0.22335227,0.26902527,0.11014817,0.10950589,-0.1534617482502926,3,881309534,2023,-59.305382668880426,-23.26039206205621
0.0461,0.0698,0.0836,0.086,0.0387,0.04,0.0282,0.0218,0.0066,0.0057,-0.4955277,0.42448977,0.82722515,-0.6206897,0.096656516,-0.1358286997777223,0.0267,0.0352,0.0438,0.0434,0.024,0.0262,0.021,0.017,0.0088,0.0051,-0.35185185,0.25266904,0.6,-0.40939596,0.04885345,-0.0605524089725265,-0.14367586,0.17182073,0.22722512,0.047803067,-0.0752762908051957,7,885609513,2023,-57.17044656464197,-24.34528743068736
0.038,0.0598,0.0444,0.0947,0.2016,0.23545,0.2277,0.2548,0.16525,0.08635,0.6736494,-0.584,-0.46856254,-0.15892605,-0.1179131,0.3561067167867545,0.028,0.0396,0.0288,0.0645,0.1671,0.1967,0.1936,0.2205,0.136,0.0677,0.7410072,-0.6603774,-0.548975,-0.17475726,-0.14699791,0.3421926906101588,-0.0673578,0.07637736,0.08041241,0.029084817,0.0139140261765957,1,882209531,2023,-58.87365234333258,-23.40735644253817
0.0175,0.0472,0.0247,0.0884,0.2819,0.3366,0.3254,0.3653,0.1789,0.0812,0.85889745,-0.7466452,-0.5824856,-0.29050168,-0.25489476,0.5305846291217351,0.0294,0.0543,0.04415,0.09775,0.21635,0.25395,0.2565,0.28455,0.1963,0.10665,0.706303,-0.65057915,-0.5666401,-0.13295054,-0.0863494,0.3978330219324423,0.15259443,-0.09606602,-0.01584555,-0.16854537,0.1327516071892927,6,884909497,2019,-57.54746948938693,-25.140835446303605
0.0441,0.0593,0.0584,0.0962,0.1567,0.1812,0.1884,0.1863,0.1695,0.1482,0.5267423,-0.521195,-0.48164332,-0.05280807,-0.009991327,0.2611140840769984,0.0479,0.0618,0.0614,0.1023,0.1512,0.1723,0.1792,0.1829,0.1916,0.1621,0.4896093,-0.48713693,-0.5122336,0.033441212,0.053947102,0.2385903212661508,0.037132997,-0.034058064,0.030590286,-0.06393843,0.0225237628108475,6,884909497,2023,-57.53651004292068,-25.1092147483026
0.0349,0.0544,0.0552,0.0939,0.15835,0.18245,0.1846,0.20645,0.20475,0.10925,0.53961635,-0.5447699,-0.5801659,0.051752936,0.08436752,0.2623682018040224,0.0351,0.0593,0.0482,0.09975,0.204,0.23365,0.2481,0.26295,0.17025,0.08945,0.67465407,-0.6141835,-0.48333696,-0.1860882,-0.12907405,0.376554059026591,-0.13503772,0.0694136,-0.096828975,0.21344158,-0.1141858572225686,1,885109508,2023,-57.43266479607646,-24.5553135441145
0.0251,0.0518,0.0392,0.0837,0.2018,0.2479,0.248,0.2786,0.1648,0.0822,0.7270195,-0.6544363,-0.52169895,-0.20155036,-0.14483336,0.3978658468630259,0.0279,0.053,0.04745,0.09045,0.20445,0.24735,0.2619,0.2882,0.17185,0.09235,0.69322777,-0.6633852,-0.5285746,-0.20760809,-0.1384797,0.3974485837448429,0.03379174,0.008948935,0.0068756193,-0.0063536614,0.000417263118183,2,885109509,2023,-57.40302039170052,-24.520997900261136
0.0209,0.054,0.0241,0.0827,0.2682,0.3895,0.3594,0.3927,0.1592,0.0804,0.8743155,-0.7387518,-0.4934334,-0.38603935,-0.34953868,0.5692699533457253,0.04635,0.06635,0.08525,0.11625,0.1431,0.1533,0.1751,0.1904,0.30755,0.21255,0.34511235,-0.4504038,-0.6450923,0.2744225,0.2789581,0.1772538991200495,0.5292032,-0.288348,0.15165891,-0.62849677,0.3920160542256757,4,885109503,2019,-57.42215450725226,-24.80567401379861
0.036,0.0576,0.077,0.0751,0.0268,0.0307,0.0236,0.0166,0.0077,0.0084,-0.53081506,0.4187192,0.7641654,-0.50798726,0.17394318,-0.1333666300019783,0.03405,0.0462,0.0493,0.0448,0.02295,0.02135,0.01795,0.01295,0.0072,0.0053,-0.466171,0.4403741,0.7303371,-0.4274354,0.041474663,-0.0828999554327875,-0.0646441,-0.021654926,0.033828307,0.13246852,-0.0504666745691907,7,885509518,2019,-57.22209969347884,-24.06654019802507
0.0345,0.0588,0.0508,0.1014,0.18505,0.20905,0.2304,0.2369,0.2165,0.1319,0.6386913,-0.59336096,-0.57282966,-0.031103149,0.004509589,0.3448540662581033,0.0355,0.059,0.0398,0.0914,0.208,0.2189,0.2226,0.2246,0.1326,0.0671,0.69664633,-0.5809659,-0.38413358,-0.2533784,-0.19907086,0.3596537236135877,-0.057955023,-0.012395082,-0.18869604,0.20358044,-0.0147996573554844,2,885409522,2023,-57.29782767193012,-23.89056023386605
0.04085,0.0699,0.067,0.12225,0.2378,0.28025,0.2794,0.3126,0.2477,0.1408,0.61316395,-0.59977096,-0.5598237,-0.060140364,-0.008740818,0.3764177537759849,0.04535,0.07615,0.0842,0.13115,0.22165,0.25975,0.2762,0.3033,0.2951,0.1652,0.53274137,-0.56775934,-0.5897643,0.033082455,0.08239996,0.3347280238894502,0.08042257,-0.03201164,0.02994062,-0.09114078,0.0416897298865346,3,884809517,2023,-57.56866973009216,-24.11442040266864
0.0272,0.0626,0.0297,0.1141,0.3598,0.4217,0.4384,0.4424,0.1965,0.0961,0.87310404,-0.7500998,-0.5167889,-0.38100487,-0.34605378,0.6332506978954842,0.0731,0.0929,0.1248,0.1654,0.193,0.2174,0.2282,0.2507,0.3336,0.305,0.29291788,-0.42136407,-0.5643611,0.18761127,0.20679216,0.1818288514815588,0.5801862,-0.32873574,0.04757221,-0.55284595,0.4514218464139253,6,884909497,2021,-57.54737965785852,-25.14191342464455
0.0355,0.0582,0.03885,0.0978,0.22185,0.25855,0.2619,0.27885,0.17705,0.09025,0.7416459,-0.6363636,-0.5052072,-0.19330223,-0.15877658,0.4178270517464754,0.03125,0.0435,0.0345,0.07835,0.1662,0.199,0.2028,0.2235,0.1631,0.0871,0.7092288,-0.64677227,-0.57889646,-0.108499594,-0.08444342,0.3423979494927135,0.032417063,0.010408609,0.07368923,-0.07433316,0.0754291022537618,1,881809531,2023,-59.09239211501568,-23.40627846419722
0.0543,0.0896,0.0836,0.1466,0.2407,0.275,0.28,0.3104,0.264,0.1491,0.54015404,-0.5151515,-0.49321267,-0.02941177,0.019504324,0.3411301554139692,0.0621,0.0821,0.0949,0.1316,0.1759,0.1926,0.2156,0.2201,0.287,0.2038,0.38872787,-0.44843805,-0.5551341,0.14206128,0.15797453,0.2233806335352353,0.15142615,-0.06671349,0.061921444,-0.1384702,0.1177495218787339,3,881409536,2019,-59.28831467848215,-23.19220993199154
0.0836,0.113,0.117,0.1538,0.2464,0.2853,0.2884,0.3091,0.248,0.1712,0.4227923,-0.4369706,-0.3739612,-0.07531693,-0.009497964,0.2839628843572615,0.0922,0.1162,0.1484,0.1761,0.1936,0.2133,0.2232,0.244,0.4055,0.3808,0.20129171,-0.31526223,-0.55453324,0.28996342,0.27435866,0.1287287758677092,0.22150059,-0.121708386,0.18057203,-0.28385663,0.1552341084895522,4,885109503,2023,-57.40481702226875,-24.8160944710944
0.0314,0.053,0.02755,0.0851,0.24905,0.29855,0.3108,0.325,0.16795,0.07235,0.8371509,-0.7086311,-0.5202535,-0.29838118,-0.27282867,0.5067990514926843,0.0561,0.0615,0.0653,0.0978,0.14755,0.16315,0.178,0.18905,0.185,0.117,0.46321413,-0.48643005,-0.5010142,0.019283744,0.03344344,0.227431722440906,0.37393674,-0.22220105,-0.019239271,-0.30627212,0.2793673290517783,1,882709534,2021,-58.64224632614339,-23.277999041624955
0.0612,0.0878,0.105,0.1516,0.2353,0.2639,0.2548,0.285,0.2591,0.2004,0.4163424,-0.4874489,-0.49380222,0.008367384,0.07072489,0.2613398414447451,0.0569,0.0839,0.1013,0.1423,0.2027,0.221,0.2192,0.2394,0.2388,0.1943,0.3678627,-0.44638735,-0.48001242,0.042794768,0.10386239,0.2155393031701262,0.048479702,-0.041061547,-0.013789804,-0.0331375,0.0458005382746188,6,884909497,2019,-57.52285565060205,-25.100141763932992
0.03835,0.05885,0.0584,0.10065,0.18105,0.21335,0.2154,0.2392,0.18435,0.10625,0.5734112,-0.5708295,-0.51603615,-0.07767354,-0.022155078,0.304342197041716,0.0305,0.05015,0.0447,0.08935,0.1695,0.20115,0.2107,0.2296,0.1461,0.08055,0.6499609,-0.6154878,-0.4889172,-0.18105383,-0.116666675,0.3296266949941276,-0.07654962,0.04465832,-0.027118973,0.0945116,-0.0252844979524115,1,884909531,2019,-57.54405589130728,-23.44805012490878
0.064,0.0976,0.099,0.1429,0.2378,0.2665,0.2884,0.2975,0.3184,0.2269,0.48890036,-0.4943005,-0.5307692,0.049439687,0.08443751,0.3201487427741269,0.04725,0.06975,0.07235,0.12555,0.2241,0.25905,0.2853,0.2972,0.27255,0.1626,0.59541446,-0.60709757,-0.5924627,-0.022855608,0.018230135,0.3724421146173565,-0.106514126,0.112797044,0.061693486,0.06620738,-0.0522933718432295,3,881209533,2023,-59.35083742225687,-23.30324170110872
0.1167,0.1508,0.1554,0.1463,0.0856,0.08905,0.0773,0.07075,0.04875,0.04765,-0.33562526,0.32222712,0.5114007,-0.22649743,0.025492888,-0.1598880787942989,0.0171,0.02415,0.0314,0.0304,0.0167,0.017,0.0143,0.01305,0.0077,0.0069,-0.37417942,0.25617686,0.51648355,-0.3,0.109219834,-0.0470038453297147,0.03855415,0.066050254,-0.0050828555,-0.08372694,-0.1128842334645842,7,884809535,2023,-57.57477827402416,-23.203528704571447
0.02805,0.0569,0.0346,0.0925,0.2644,0.3201,0.3344,0.3586,0.1792,0.08245,0.81246614,-0.7091746,-0.51800084,-0.3021807,-0.25796098,0.5174913654179655,0.02875,0.05215,0.0465,0.0873,0.209,0.2554,0.2675,0.296,0.1761,0.0915,0.70382166,-0.67370564,-0.5430449,-0.2060415,-0.14194857,0.4072481722680379,0.108644456,-0.03546892,0.025044065,-0.11601241,0.1102431931499275,2,885109509,2023,-57.40787129423476,-24.52189621554525
0.0709,0.0833,0.0958,0.098,0.06,0.0601,0.0554,0.0568,0.045,0.0385,-0.26719576,0.20115359,0.29851907,-0.10358563,0.05428678,-0.0930589649386109,0.0374,0.04835,0.04935,0.0463,0.0246,0.0242,0.0189,0.01645,0.00685,0.0055,-0.44615385,0.43791822,0.75181156,-0.46796116,-0.000888875,-0.0803783581172925,0.1789581,-0.23676462,-0.4532925,0.05517566,-0.0126806068213184,7,884809535,2019,-57.576754567649225,-23.203977862213502
0.0386,0.0658,0.07,0.123,0.205,0.2363,0.2386,0.277,0.2368,0.1592,0.5463383,-0.5676741,-0.5651024,-0.0037862866,0.05068493,0.3127628003181285,0.0378,0.0512,0.053,0.0904,0.1487,0.1755,0.1594,0.2006,0.2074,0.1343,0.50094163,-0.51377016,-0.60402167,0.13086149,0.13811187,0.224031446616556,0.045396674,-0.053903904,0.03891923,-0.087426946,0.0887313537015724,1,885409507,2023,-57.28579024712292,-24.621788875139348
0.216,0.2505,0.3069,0.39605,0.4001,0.39925,0.3482,0.3983,0.4257,0.36985,0.06304381,-0.16318691,-0.25909495,0.10014216,0.12985812,0.0536317191453464,0.1992,0.2448,0.294,0.3477,0.3518,0.3636,0.3532,0.3663,0.4015,0.3521,0.091470934,-0.18127088,-0.24245705,0.06399894,0.114672646,0.0774058439362093,-0.028427128,0.018083977,-0.01663792,0.015185475,-0.0237741247908628,6,884909497,2019,-57.521957335317936,-25.102567215200114
0.3496,0.3912,0.4448,0.4151,0.4333,0.4387,0.484,0.4374,0.4347,0.3742,0.042205006,-0.10603289,-0.05266982,-0.05366277,0.026793543,0.0411534241425345,0.3064,0.3536,0.4212,0.36995,0.3845,0.3847,0.4634,0.3919,0.4182,0.36765,0.047705177,-0.13439414,-0.08370043,-0.05127044,0.043251295,0.0457171732082074,-0.005500171,0.028361242,0.03103061,-0.016457751,-0.0045637490656729,6,884909497,2023,-57.52186750378952,-25.10283670978535
0.0556,0.08,0.05935,0.12735,0.246,0.27715,0.2847,0.30535,0.26455,0.1551,0.65499204,-0.5612833,-0.5356262,-0.0366864,-0.024691366,0.4004798401616772,0.0538,0.0747,0.07845,0.11995,0.22305,0.25025,0.268,0.28055,0.269,0.1622,0.5471208,-0.5640502,-0.5653186,0.0018621734,0.038326465,0.335902893862865,0.10787122,0.002766946,0.029692406,-0.06301783,0.0645769462988122,3,881309534,2019,-59.30511317429519,-23.262458187209685
0.027,0.057,0.035,0.0908,0.2579,0.3203,0.3172,0.3573,0.1801,0.0812,0.80124927,-0.6953501,-0.5191902,-0.27568874,-0.23082426,0.4967143918957372,0.0287,0.0521,0.04455,0.0877,0.22125,0.27395,0.2879,0.31335,0.17655,0.0902,0.73198974,-0.6935294,-0.54428166,-0.23974593,-0.17760833,0.4384948017510999,0.069259524,-0.0018206668,0.025091458,-0.053215936,0.0582195901446373,2,885109509,2023,-57.42026804515561,-24.51102660060741
0.07855,0.1027,0.1324,0.17135,0.2152,0.23895,0.2434,0.2688,0.36075,0.27605,0.29536983,-0.40652987,-0.5568022,0.19423984,0.21003558,0.1901118749170869,0.07565,0.09275,0.1131,0.1334,0.16375,0.1781,0.1846,0.19925,0.27115,0.23165,0.24017467,-0.33117,-0.49024457,0.18990675,0.1923972,0.1344490340448757,0.05519518,-0.07535988,-0.06655765,0.01763837,0.0556628408722112,4,884909526,2023,-57.53642021139226,-23.657177923051805
0.07445,0.1039,0.1072,0.16115,0.23935,0.2656,0.2606,0.29505,0.32615,0.2253,0.4170745,-0.42990398,-0.51680034,0.11171708,0.12792815,0.2651532686945525,0.0836,0.1093,0.1544,0.1891,0.2102,0.2329,0.2519,0.26835,0.39155,0.28715,0.23997043,-0.3947951,-0.56354195,0.2170332,0.23875435,0.1613703777441923,0.17710409,-0.03510888,0.046741605,-0.110826194,0.1037828909503601,3,881309534,2021,-59.33610505159731,-23.293719559097045
0.02905,0.0595,0.02905,0.10435,0.2873,0.34495,0.3354,0.37765,0.12345,0.05925,0.8405817,-0.6986579,-0.34954906,-0.46191564,-0.41000095,0.5315807574214942,0.06915,0.0922,0.1237,0.16375,0.21385,0.2437,0.2526,0.28605,0.33305,0.22335,0.34254587,-0.46519724,-0.5663727,0.13736872,0.1734104,0.2206436352670229,0.49803582,-0.23346065,0.21682367,-0.58341134,0.3109371221544713,1,884709529,2021,-57.63631287098635,-23.503116851825308
0.0987,0.1302,0.1367,0.12715,0.06765,0.0691,0.0581,0.05155,0.0335,0.0316,-0.40349078,0.3828996,0.5907147,-0.26855895,0.040978603,-0.1696891274218488,0.0206,0.0267,0.035,0.0347,0.0219,0.0233,0.019,0.0153,0.0153,0.0156,-0.2962963,0.16849016,0.27142856,-0.107871704,0.11902114,-0.0433213017327626,-0.10719446,0.21440947,0.31928617,-0.07804254,-0.1263678256890862,7,885009532,2023,-57.48809084910664,-23.384718897378352
0.032,0.0586,0.0563,0.1024,0.1954,0.2262,0.2388,0.2637,0.1794,0.1018,0.6184344,-0.60591793,-0.507563,-0.14203732,-0.06929913,0.3442963224174222,0.0356,0.05185,0.0662,0.09485,0.16195,0.19065,0.2119,0.2266,0.18475,0.10595,0.52391225,-0.60682464,-0.56170756,-0.06844823,0.006921484,0.2808764805192261,0.0945222,0.00090669177,0.05414453,-0.07622062,0.0634198418981961,2,885009508,2019,-57.48898916439075,-24.570045914774063
0.03015,0.06895,0.03215,0.11005,0.34025,0.41695,0.41295,0.4455,0.17285,0.076,0.8555381,-0.7138411,-0.42969397,-0.40986687,-0.3673816,0.6043804967247087,0.0401,0.0626,0.0459,0.10765,0.26145,0.31185,0.3291,0.3487,0.1915,0.0989,0.7552,-0.68036765,-0.5072806,-0.26431045,-0.21727666,0.4854857327407718,0.100338064,-0.03347343,0.077586606,-0.15010494,0.1188947639839369,2,883309532,2019,-58.32415288403667,-23.360374553178715
0.04915,0.0742,0.0865,0.08885,0.04045,0.0436,0.03265,0.0247,0.0071,0.00725,-0.4519513,0.38886285,0.82533824,-0.6427673,0.067274764,-0.1304611047200857,0.0285,0.0407,0.051,0.0499,0.0227,0.0233,0.0185,0.0155,0.0071,0.006,-0.4676259,0.375,0.70292884,-0.4453125,0.10561369,-0.0856014017086699,0.015674599,0.013862864,0.12240938,-0.03833893,-0.0448597030114157,7,884909497,2023,-57.54261858685268,-25.14963893608797
0.0237,0.05405,0.02955,0.08665,0.2755,0.34735,0.3618,0.37605,0.167,0.0796,0.8489843,-0.7400505,-0.51097035,-0.36838123,-0.32462847,0.5591237872570282,0.0386,0.056,0.0676,0.0869,0.134,0.1629,0.1822,0.1911,0.1864,0.1306,0.45876703,-0.52980685,-0.5379538,0.011394456,0.06992416,0.2292611428709748,0.39021724,-0.21024363,0.026983408,-0.39455265,0.3298626443860533,2,885109518,2021,-57.40328988628575,-24.072109752786613
0.044,0.0693,0.06555,0.16565,0.22875,0.25735,0.2585,0.2825,0.17945,0.136,0.5954328,-0.5771812,-0.44281405,-0.18050006,-0.10502284,0.3512226347921721,0.0594,0.07385,0.0987,0.13645,0.1725,0.1958,0.1584,0.2172,0.314,0.2652,0.23220536,-0.36404738,-0.6191827,0.32938188,0.30911976,0.1182802745254051,0.36322746,-0.21313384,0.17636862,-0.4141426,0.232942360266767,4,884909526,2019,-57.50614698631743,-23.65609994471086
0.0374,0.0682,0.0589,0.1204,0.2139,0.2508,0.2574,0.2846,0.2318,0.1173,0.6275688,-0.5810811,-0.5453333,-0.052330337,-0.007002566,0.3647556160291149,0.046,0.0704,0.0838,0.13,0.2013,0.2339,0.2556,0.2697,0.2683,0.1606,0.5061874,-0.5680982,-0.5842929,0.024241252,0.07725255,0.3070050049190341,0.121381395,-0.012982923,0.03895954,-0.084255114,0.0577506111100808,1,884809517,2019,-57.562740849216965,-24.101304999520497
0.0314,0.05555,0.05455,0.09725,0.18515,0.2155,0.2309,0.2516,0.1814,0.1001,0.6177965,-0.6121487,-0.5311247,-0.120058216,-0.052885104,0.3367814706162601,0.03545,0.052,0.06645,0.09595,0.1578,0.1909,0.2048,0.2212,0.19025,0.11,0.51004606,-0.5950156,-0.5706914,-0.036830783,0.03310192,0.2690761672207644,0.10775039,-0.017133152,0.039566714,-0.085987024,0.0677053033954956,2,885009508,2019,-57.491414615657874,-24.573369681325303
0.0273,0.0486,0.0505,0.0938,0.16,0.1916,0.2036,0.2132,0.162,0.0908,0.6025187,-0.6145916,-0.53846157,-0.113785565,-0.041497525,0.304535210165627,0.0328,0.056,0.0642,0.10375,0.17395,0.2062,0.235,0.2452,0.22525,0.12645,0.5708556,-0.6151203,-0.6017778,-0.021184126,0.03885151,0.3205705720263438,0.03166307,0.00052866014,0.06331623,-0.080349036,-0.0160353618607168,1,885109520,2019,-57.43050883939457,-23.95218466235665
0.0363,0.06285,0.05285,0.1078,0.213,0.25025,0.2583,0.2821,0.195,0.1053,0.66029245,-0.6085941,-0.51250726,-0.13964266,-0.08618308,0.3799235728331011,0.0349,0.0555,0.0575,0.0993,0.1811,0.213,0.227,0.2453,0.1918,0.1055,0.59578204,-0.6070796,-0.55115247,-0.084049664,-0.024647882,0.3240917729183646,0.064510405,-0.001514491,0.03864517,-0.061535195,0.0558317999147364,2,885509507,2023,-57.23961684151917,-24.63328731077608
0.1524,0.1885,0.2206,0.2739,0.34865,0.3872,0.3901,0.41955,0.45495,0.3805,0.27755037,-0.34842724,-0.41409588,0.076741025,0.109231964,0.2289097084479871,0.127,0.1638,0.2024,0.25035,0.29855,0.3244,0.3419,0.35715,0.4218,0.34505,0.25629246,-0.35218507,-0.44057375,0.10462223,0.14207299,0.2003734465328837,0.02125789,0.0037578393,0.026477866,-0.032841027,0.0285362619151033,3,881709533,2021,-59.10559734969224,-23.328304697535646
0.02025,0.0445,0.021,0.07895,0.2388,0.293,0.3014,0.3222,0.1601,0.0649,0.8697271,-0.7427002,-0.5650049,-0.30617553,-0.2795624,0.5114299687748063,0.0338,0.0481,0.0386,0.0852,0.1537,0.18025,0.1857,0.2041,0.1666,0.08935,0.6558181,-0.5885372,-0.55193293,-0.054215144,-0.03367081,0.3046389569565723,0.21390896,-0.15416299,-0.013071928,-0.2458916,0.206791011818234,1,882709526,2019,-58.633712330944256,-23.668137369518064
0.0526,0.0866,0.0802,0.1301,0.2557,0.3108,0.2968,0.328,0.247,0.1667,0.5745358,-0.54825246,-0.48081535,-0.091577776,-0.032811105,0.3704674834145571,0.0477,0.0672,0.0664,0.0993,0.2235,0.269,0.2536,0.2909,0.1962,0.1297,0.585,-0.5810474,-0.48974943,-0.12761228,-0.0686292,0.3424390286052957,-0.010464218,0.032794926,0.008934095,0.035818093,0.0280284548092613,6,884909497,2023,-57.52303531365888,-25.10059092157505
0.01925,0.043,0.0262,0.08595,0.21675,0.2593,0.2598,0.2868,0.184,0.0943,0.8167832,-0.7159841,-0.62114537,-0.17079763,-0.14072558,0.4458015088990006,0.0234,0.0355,0.0302,0.07865,0.16175,0.1892,0.1806,0.2188,0.17925,0.0985,0.7134725,-0.6714484,-0.669383,-0.0037515645,0.013181766,0.317388859452329,0.10331073,-0.04453573,0.048237633,-0.15390734,0.1284126494466716,1,885209511,2021,-57.372477672040446,-24.412840740053145
0.1006,0.125,0.1382,0.1838,0.2322,0.2449,0.2534,0.2662,0.271,0.2387,0.29417774,-0.33932346,-0.36868685,0.033562165,0.07232705,0.1938088800391842,0.1203,0.1455,0.1774,0.20745,0.2107,0.2196,0.2144,0.22895,0.2823,0.27485,0.09443594,-0.19144204,-0.31977558,0.13670224,0.15735145,0.0622336864363874,0.19974178,-0.14788142,-0.04891129,-0.0850244,0.1315751936027968,6,884909497,2019,-57.534803243880845,-25.10903508524577
0.0795,0.10065,0.1157,0.1701,0.237,0.2678,0.2734,0.2995,0.36445,0.2552,0.4052943,-0.46183667,-0.5671899,0.14274515,0.15275194,0.2660555757665087,0.05745,0.09085,0.0835,0.14965,0.27745,0.31505,0.3246,0.3555,0.2833,0.15535,0.5907866,-0.56264293,-0.5143659,-0.067938805,-0.02036456,0.3982491094747164,-0.1854923,0.10080624,-0.05282397,0.1731165,-0.1321935337082077,3,881309534,2023,-59.34886112863181,-23.263176839436984
0.04415,0.06595,0.0822,0.0817,0.03035,0.0326,0.0244,0.01685,0.0061,0.0046,-0.54221386,0.45987827,0.83067316,-0.6,0.12591648,-0.1429277915113825,0.0545,0.0754,0.0688,0.0597,0.0253,0.0239,0.0217,0.0156,0.0096,0.0069,-0.520442,0.5530381,0.77411765,-0.38658145,0.014230295,-0.119644373569649,-0.021771887,-0.093159854,0.0565555,0.111686185,-0.0232834179417335,7,885509519,2021,-57.21329620369447,-24.003658128136703
0.1246,0.1524,0.186,0.2423,0.2663,0.2906,0.2698,0.3076,0.2759,0.2298,0.18385257,-0.27806726,-0.2883493,0.011178301,0.078827515,0.1315128717859549,0.0778,0.0982,0.1223,0.15535,0.20855,0.22995,0.2113,0.26285,0.3422,0.2827,0.26678658,-0.36542812,-0.5540418,0.23649505,0.23274948,0.1601487552748653,-0.08293401,0.08736084,0.2656925,-0.15392196,-0.0286358834889104,4,884909526,2019,-57.506236817845846,-23.66193899405764
0.0387,0.0641,0.0509,0.1065,0.2172,0.2568,0.2664,0.2875,0.1885,0.1025,0.679168,-0.6121029,-0.49247825,-0.17124644,-0.12066116,0.3955096149887229,0.05055,0.0743,0.0846,0.11685,0.2049,0.23655,0.2605,0.2683,0.24235,0.14325,0.50970733,-0.55615294,-0.5307121,-0.036094297,0.024921607,0.3122115886563004,0.16946064,-0.055949945,0.0382339,-0.14558277,0.0832980263324225,1,884409517,2023,-57.75947189643914,-24.115947538651643
0.0217,0.0446,0.0211,0.0726,0.2512,0.3709,0.3632,0.3879,0.1283,0.0597,0.89018995,-0.7812653,-0.48409486,-0.47792473,-0.44076362,0.580289504805418,0.0794,0.0988,0.13,0.1466,0.1705,0.1859,0.1964,0.2064,0.2855,0.2018,0.2034314,-0.3306233,-0.48581836,0.18489312,0.202083,0.1205227613705426,0.6867586,-0.45064205,0.0017234919,-0.64284664,0.4597667434348753,4,885109503,2019,-57.41353068052471,-24.842594771975925
0.0472,0.092,0.06,0.1608,0.3256,0.3779,0.3732,0.4118,0.2156,0.1139,0.7229917,-0.6044712,-0.40182054,-0.26766303,-0.20804599,0.5034290634606996,0.05235,0.08055,0.0756,0.13575,0.22585,0.2612,0.2723,0.28925,0.2282,0.13895,0.5653924,-0.54343206,-0.47821862,-0.08811189,-0.03317687,0.3479773664033314,0.15759933,-0.061039135,0.07639809,-0.17486912,0.1554516970573682,3,882809529,2019,-58.59247965940317,-23.50410499863784
0.0321,0.0604,0.03295,0.0887,0.2532,0.3582,0.3404,0.3646,0.15255,0.0811,0.82349,-0.6986028,-0.43273067,-0.38107315,-0.33512548,0.5280529136500283,0.07255,0.0914,0.1193,0.15475,0.17385,0.19445,0.1917,0.22375,0.36735,0.3376,0.23279741,-0.35429177,-0.6015259,0.31419376,0.29617795,0.1339087481364476,0.59069264,-0.34431103,0.16879524,-0.6313034,0.3941441655135806,4,884909526,2023,-57.52411329199983,-23.65178803134709
0.05235,0.07905,0.0734,0.1151,0.2185,0.24655,0.229,0.2633,0.189,0.11605,0.51455027,-0.48677164,-0.41018468,-0.0956938,-0.03485059,0.2908773750408614,0.056,0.0696,0.0788,0.1009,0.1513,0.173,0.1672,0.1898,0.1894,0.1254,0.35934958,-0.41216215,-0.46254826,0.062254637,0.09157509,0.1777479871072996,0.15520069,-0.07460949,0.05236359,-0.12642568,0.1131293879335618,6,884909497,2021,-57.54675083715964,-25.131043809706703
0.0359,0.0743,0.0461,0.1169,0.2476,0.27595,0.2808,0.29605,0.20025,0.1036,0.71795654,-0.58152634,-0.4587507,-0.16744624,-0.12494452,0.4257467800173053,0.0722,0.0986,0.1516,0.1869,0.2162,0.2439,0.2524,0.2803,0.334,0.2099,0.24950495,-0.43817666,-0.5441516,0.13915412,0.19871634,0.1672566471458161,0.46845162,-0.14334969,0.08540094,-0.32366085,0.2584901328714892,3,883709523,2021,-58.113228455325405,-23.803154156721227
0.07,0.1086,0.1794,0.1637,0.2941,0.3451,0.3188,0.3629,0.2693,0.1982,0.27980733,-0.49181095,-0.4252448,-0.084169336,0.0715224,0.2094770668710732,0.0579,0.0874,0.1294,0.1325,0.2361,0.2771,0.2596,0.2959,0.2173,0.1633,0.3347044,-0.49625364,-0.42632097,-0.08869787,0.043962635,0.2196850588506183,-0.054897077,0.004442676,0.0010761801,0.027559765,-0.010207991979545,6,884909497,2021,-57.52150817767588,-25.100770584631874
0.0676,0.0896,0.11245,0.1418,0.23645,0.2692,0.2738,0.3131,0.19725,0.13885,0.4177346,-0.50687945,-0.37528324,-0.16250928,-0.048686817,0.2730888304257083,0.0873,0.1115,0.1502,0.17285,0.1825,0.20065,0.2185,0.23055,0.36205,0.31375,0.18524548,-0.3242424,-0.5290888,0.24726552,0.25236842,0.1179348606380345,0.23248911,-0.18263705,0.15380554,-0.30105525,0.1551539697876737,4,884909526,2021,-57.5299523413466,-23.69876992070654
0.04885,0.0696,0.08415,0.08325,0.02975,0.0317,0.0247,0.0134,0.0042,0.00405,-0.54616445,0.47613996,0.88617885,-0.7093426,0.09141445,-0.1464646472062911,0.0247,0.0359,0.042,0.0427,0.019,0.0197,0.0156,0.011,0.0061,0.0046,-0.45833334,0.39417478,0.7095238,-0.437788,0.08823528,-0.0710186511041817,-0.0878311,0.08196519,0.17665505,0.0031791702,-0.0754459961021093,7,885609513,2023,-57.17080589075562,-24.332441522124448
0.0983,0.1318,0.1272,0.1754,0.2678,0.2966,0.2906,0.3088,0.2533,0.1844,0.3910962,-0.375947,-0.3155025,-0.068578765,-0.010917579,0.2670516333510389,0.0904,0.1202,0.1216,0.1546,0.2366,0.2587,0.248,0.2766,0.2319,0.1672,0.34199134,-0.34709397,-0.31723943,-0.033548634,0.021823976,0.2180312687228395,0.04910487,-0.028853025,0.0017369299,-0.032741554,0.0490203646281993,6,884909497,2019,-57.54755932091534,-25.138140500451247
0.05815,0.09565,0.0746,0.1546,0.3043,0.34555,0.3569,0.37895,0.2504,0.1533,0.6542294,-0.5772843,-0.44718972,-0.17536637,-0.12168096,0.4545893716329165,0.0953,0.1332,0.1895,0.2221,0.252,0.27735,0.3013,0.3136,0.38695,0.2602,0.22779134,-0.38688144,-0.48784003,0.12444606,0.18483122,0.1692571446240721,0.4264381,-0.19040284,0.040650304,-0.30651218,0.2853322270088443,3,881209533,2021,-59.38479373999659,-23.319052050109217
0.0379,0.0615,0.0608,0.1046,0.1607,0.1917,0.1808,0.1777,0.0743,0.0426,0.49668875,-0.49236482,-0.09425624,-0.41748336,-0.2362917,0.2427184540149888,0.0933,0.1122,0.1426,0.1622,0.1773,0.1985,0.2066,0.2317,0.3995,0.3612,0.18327604,-0.29611042,-0.5614618,0.31826434,0.28764847,0.1130475670090324,0.3134127,-0.19625443,0.46720558,-0.5239402,0.1296708870059563,4,885109503,2019,-57.405086516853984,-24.80423670934402
0.02015,0.042,0.0231,0.07845,0.20195,0.2934,0.2652,0.2883,0.09765,0.0511,0.83975023,-0.7265625,-0.39849624,-0.46176106,-0.4053189,0.4606748558879012,0.0575,0.0757,0.1063,0.12375,0.1343,0.1488,0.1644,0.1777,0.35225,0.31115,0.21462874,-0.3694294,-0.6462204,0.3635924,0.34778458,0.1130790201799078,0.62512153,-0.3571331,0.24772412,-0.7531035,0.3475958357079933,4,885109503,2021,-57.40454752768352,-24.80971643257715
0.0673,0.095,0.104,0.1562,0.2587,0.2956,0.2834,0.3136,0.269,0.2111,0.46308723,-0.49788585,-0.47802198,-0.026068076,0.03081387,0.3032454305876407,0.0537,0.074,0.0845,0.1335,0.2144,0.2455,0.2436,0.2664,0.2399,0.1863,0.48491314,-0.53400505,-0.52851224,-0.00765254,0.04359015,0.2881898265070083,-0.021825891,0.03611919,0.050490275,-0.012776282,0.0150556040806323,6,884909497,2023,-57.52276581907365,-25.10032142698981
0.0323,0.05535,0.03355,0.0961,0.2556,0.33095,0.3348,0.35985,0.14455,0.06885,0.8178363,-0.716263,-0.4462231,-0.39689165,-0.34666178,0.5203834876052963,0.1,0.1248,0.1698,0.192,0.2035,0.2169,0.2426,0.2502,0.4552,0.4006,0.17652763,-0.32063147,-0.5696552,0.30467182,0.29185614,0.1196843426439406,0.64130867,-0.39563152,0.12343206,-0.6385179,0.4006991449613556,4,884909526,2021,-57.50012827391383,-23.65062022147773
0.09885,0.1554,0.2825,0.33165,0.3398,0.3604,0.3386,0.369,0.5068,0.45905,0.090323634,-0.37085024,-0.5306554,0.19895905,0.28681475,0.0750602227015806,0.0857,0.1284,0.215,0.243,0.262,0.2711,0.2758,0.2766,0.3629,0.3222,0.12387935,-0.36467093,-0.4773051,0.13637076,0.23035981,0.0920468104611686,-0.03355572,-0.0061792885,-0.0533503,0.05645494,-0.016986587759588,6,884909497,2023,-57.54737965785852,-25.14092527783201
0.0681,0.0936,0.1194,0.1514,0.2127,0.2478,0.252,0.279,0.3562,0.2747,0.35702747,-0.45833334,-0.58381504,0.17132522,0.19542542,0.2282533871819183,0.0462,0.0739,0.0619,0.1254,0.2418,0.2803,0.2889,0.3102,0.2897,0.1845,0.64709234,-0.592613,-0.5935094,0.0013826712,0.02402798,0.4002115477143905,-0.29006487,0.13427965,0.009694309,0.17139745,-0.1719581605324722,3,884709535,2023,-57.61349566276972,-23.22329164082208
0.07515,0.1018,0.10965,0.1043,0.0671,0.07035,0.04585,0.05325,0.0371,0.03075,-0.41028938,0.37893668,0.46580276,-0.10548527,0.096171804,-0.145995422058681,0.05865,0.0777,0.0699,0.06185,0.03195,0.03265,0.0292,0.0256,0.01165,0.0105,-0.41069624,0.45369503,0.7392278,-0.4296206,-0.037190087,-0.101902849185782,0.00040686727,-0.07475834,-0.27342498,0.13336189,-0.0440925728728989,7,884809535,2021,-57.55034409829612,-23.21341017269676
0.0286,0.051,0.0469,0.0969,0.1825,0.2276,0.199,0.2462,0.1039,0.0541,0.6185441,-0.592,-0.34151065,-0.313965,-0.20295984,0.3058721013199849,0.07965,0.1028,0.1334,0.1626,0.17915,0.1997,0.2156,0.228,0.3711,0.3295,0.23553011,-0.35427138,-0.5661532,0.26504177,0.26164427,0.1452296933283077,0.38301402,-0.23772864,0.22464256,-0.4646041,0.1606424079916771,4,885109503,2021,-57.40248140253004,-24.817801270134225
0.0469,0.0711,0.0824,0.1227,0.2149,0.2433,0.2684,0.2565,0.1196,0.0755,0.53021663,-0.5811488,-0.2543262,-0.3835052,-0.21902187,0.3279266723818725,0.0694,0.0923,0.124,0.1437,0.1563,0.17155,0.1965,0.2047,0.34615,0.3046,0.22620906,-0.36080334,-0.5789714,0.2757763,0.27749473,0.1325411430503663,0.3040076,-0.22034544,0.32464522,-0.4965166,0.1953855293315062,4,885109503,2019,-57.40328988628575,-24.806302834497497
0.0583,0.0871,0.092,0.1055,0.0644,0.0707,0.0624,0.0627,0.0277,0.0151,-0.19170986,0.1652174,0.5174216,-0.38512763,-0.0041597267,-0.0678484152049181,0.02505,0.0325,0.03895,0.03935,0.02155,0.02315,0.02595,0.0162,0.01385,0.0088,-0.20030817,0.11206158,0.40237322,-0.3040201,0.017341048,-0.0345193846954694,0.008598313,0.05315582,0.115048364,-0.021500774,-0.0333290305094486,7,885509518,2023,-57.221291209723134,-24.07094194291725
0.0745,0.098,0.103,0.155,0.2421,0.2729,0.2876,0.3028,0.3354,0.2546,0.47260627,-0.49170128,-0.54776186,0.07672548,0.0953154,0.3109140045230528,0.05155,0.0706,0.0743,0.1193,0.2111,0.2433,0.2589,0.27245,0.2608,0.17635,0.5540216,-0.57147187,-0.5739288,0.0036559887,0.038184516,0.3323331578500403,-0.08141534,0.079770625,0.026166901,0.05713088,-0.0214191533269874,3,881209533,2023,-59.35946124898442,-23.34258791055315
0.0196,0.0562,0.035,0.1115,0.3079,0.3714,0.3676,0.4057,0.1814,0.0866,0.82613015,-0.73478055,-0.526936,-0.3391621,-0.28296885,0.5527365321932751,0.0247,0.05485,0.0341,0.10525,0.3142,0.3766,0.3918,0.41155,0.16375,0.0757,0.8398685,-0.7543938,-0.49817014,-0.41049412,-0.3559046,0.5794902125831569,-0.013738358,0.019613262,-0.028765868,0.07293576,-0.0267536803898817,2,885209511,2019,-57.36690811727891,-24.435208790627723
0.0307,0.05325,0.0301,0.08505,0.2253,0.26255,0.2691,0.2887,0.1612,0.0738,0.79879683,-0.6696138,-0.5033808,-0.2507553,-0.22093262,0.4485735892983747,0.0285,0.0429,0.0334,0.0734,0.1601,0.1899,0.2026,0.2164,0.1503,0.0746,0.71694916,-0.6505092,-0.55590063,-0.14820065,-0.11427195,0.3448369622654818,0.081847645,-0.019104615,0.05251987,-0.106660664,0.1037366270328928,1,883309525,2023,-58.316157878008006,-23.73838562473621
0.02245,0.04505,0.02295,0.0749,0.2668,0.3871,0.389,0.4166,0.1464,0.06725,0.8885787,-0.7924202,-0.52938104,-0.45311916,-0.41683882,0.6020889307535893,0.063,0.0822,0.1056,0.122,0.1436,0.16,0.1696,0.1888,0.2924,0.2413,0.23255813,-0.34710088,-0.5611319,0.2658009,0.26228988,0.1238390016406463,0.6560206,-0.44531935,0.031750824,-0.6791287,0.4782499291129429,4,885109503,2019,-57.40122376113227,-24.840259152237213
0.0234,0.0507,0.036,0.0959,0.2202,0.2618,0.2678,0.2948,0.1604,0.0804,0.763002,-0.68163264,-0.5196589,-0.25081736,-0.19442166,0.4325702992124612,0.0261,0.0612,0.0402,0.1081,0.2843,0.3335,0.324,0.3649,0.1633,0.0806,0.77924216,-0.682243,-0.4547884,-0.32977635,-0.26481217,0.4925943108299375,-0.016240194,0.0006103411,-0.06487053,0.07039051,-0.0600240116174762,2,885109505,2023,-57.44955312341791,-24.715303496216187
0.04625,0.0631,0.0559,0.09825,0.19905,0.23245,0.2416,0.25815,0.20065,0.10815,0.6242017,-0.5858221,-0.52151656,-0.09259468,-0.057494488,0.3492790066211511,0.05405,0.0676,0.0781,0.10915,0.1563,0.1766,0.2032,0.2061,0.2117,0.12985,0.44472092,-0.50073856,-0.51593274,0.020486888,0.059500985,0.2401766173812938,0.17948078,-0.08508355,-0.0055838656,-0.11699547,0.1091023892398572,1,882009534,2021,-58.970400899432256,-23.292821243812927
0.027,0.0517,0.0372,0.0832,0.202,0.2417,0.261,0.2659,0.1323,0.0709,0.750503,-0.6693316,-0.4380435,-0.3272311,-0.2590164,0.4205712950573029,0.0393,0.056,0.0608,0.1024,0.2146,0.2555,0.2972,0.282,0.1547,0.0849,0.6603352,-0.6828992,-0.4684385,-0.31533524,-0.21920289,0.4132867038136292,0.090167835,0.013567557,0.030395022,-0.039813504,0.0072845912436736,2,884809532,2021,-57.59085811760991,-23.384359571264707
0.03755,0.0581,0.07965,0.07535,0.02545,0.02705,0.01975,0.0116,0.0034,0.004,-0.60261565,0.49261397,0.8894309,-0.7062635,0.1834699,-0.1498998968071593,0.0488,0.0648,0.0674,0.0566,0.0195,0.0216,0.0162,0.0097,0.0049,0.0047,-0.61244017,0.6,0.8593974,-0.53554505,0.053168256,-0.1315969853809644,0.00982451,-0.107386015,0.030033473,0.13030165,-0.0183029114261948,7,885609513,2021,-57.16891942865897,-24.342951810948648
0.0285,0.0372,0.0388,0.04165,0.0126,0.0157,0.01565,0.0111,0.0199,0.01395,-0.4251607,0.4077578,0.30297723,0.11954991,0.14146817,-0.0626296347437026,0.01845,0.01805,0.01525,0.0162,0.00945,0.0084,0.00605,0.00615,0.0104,0.00775,-0.43192488,0.4979253,0.2688928,0.2644377,0.022931224,-0.0264722814167471,0.0067641907,-0.09016752,0.034084447,0.11853694,-0.0361573533269554,7,885509519,2019,-57.24743218449101,-24.011563302636954
0.113,0.1415,0.177,0.1739,0.20505,0.2168,0.2147,0.22355,0.24215,0.2062,0.09624712,-0.20550254,-0.2623485,0.060085356,0.12244761,0.0634181856732479,0.0702,0.0888,0.1024,0.1143,0.149,0.1585,0.1698,0.1667,0.1888,0.1788,0.24761206,-0.31322506,-0.36023057,0.05298385,0.096385546,0.1309246335560431,-0.15136494,0.10772253,0.09788208,0.026062064,-0.0675064478827952,6,884909497,2021,-57.5352524015229,-25.109933400529894
0.03,0.0412,0.0617,0.0607,0.0185,0.0197,0.0137,0.0047,0.0035,0.0036,-0.6366048,0.50091076,0.8434004,-0.59302324,0.19742885,-0.1251303473261679,0.0409,0.0712,0.0633,0.0566,0.02,0.0201,0.0168,0.0106,0.0049,0.0044,-0.5805243,0.6181818,0.8712221,-0.54838705,0.08339953,-0.1202378884597284,-0.05608043,-0.117271066,-0.027821627,0.114029326,-0.0048924588664395,7,885409501,2021,-57.26512899558816,-24.923622810603504
0.0462,0.06435,0.083,0.0825,0.0283,0.0305,0.02405,0.0155,0.00695,0.00535,-0.55067724,0.45588237,0.8050491,-0.5516129,0.122971274,-0.1456634495522556,0.0483,0.0727,0.067,0.0576,0.0236,0.0226,0.0188,0.0142,0.0069,0.0057,-0.5617716,0.58907104,0.82663316,-0.46303502,0.04822695,-0.1234209674593508,0.011094323,-0.13318868,-0.021584073,0.07474433,-0.0222424820929047,7,885509518,2021,-57.24096431444535,-24.05935367575212
0.04295,0.0627,0.0683,0.1122,0.1667,0.19525,0.1976,0.2305,0.2707,0.1727,0.48627305,-0.51824814,-0.6238752,0.15609652,0.16987318,0.2532315008209501,0.0394,0.0713,0.0444,0.1159,0.3995,0.4826,0.4124,0.5085,0.2184,0.1097,0.8056042,-0.70518917,-0.50776666,-0.307546,-0.26448363,0.5769230859080515,-0.31933117,0.186941,-0.11610856,0.4343568,-0.3236915850871014,2,885509519,2023,-57.24716268990578,-24.023870222029394
0.02725,0.0597,0.03375,0.09545,0.1797,0.24295,0.2714,0.23735,0.1011,0.05215,0.7787973,-0.63938385,-0.25746268,-0.45718122,-0.37785468,0.4427435909889182,0.078,0.09855,0.1284,0.1567,0.16765,0.1842,0.199,0.2148,0.366,0.32435,0.21563837,-0.33759034,-0.57571846,0.2955752,0.28182524,0.1279913036578226,0.5631589,-0.30179355,0.31825578,-0.6596799,0.3147522873310955,4,885109503,2021,-57.40975775633141,-24.81744194402058
0.0597,0.0827,0.08315,0.13385,0.20485,0.2404,0.2612,0.24625,0.21005,0.16915,0.5170612,-0.51904625,-0.43501282,-0.10854113,-0.045106675,0.3163084193545142,0.0602,0.0736,0.083,0.1217,0.1739,0.1981,0.2008,0.2101,0.1875,0.1601,0.41508105,-0.46355686,-0.43623132,-0.034251872,0.017873935,0.2254401728975767,0.10198008,-0.055489406,0.0012185032,-0.06298061,0.0908682464569375,6,884909497,2021,-57.52716756396583,-25.100141763932992
0.0304,0.0504,0.03375,0.09025,0.22085,0.2609,0.25975,0.2859,0.20155,0.1091,0.770017,-0.67499596,-0.59992063,-0.12616518,-0.10438672,0.4272211803694133,0.0384,0.0546,0.0557,0.1096,0.1663,0.1916,0.1906,0.2183,0.2365,0.1503,0.547706,-0.55464923,-0.6248712,0.107468985,0.12125864,0.2711375995909298,0.222311,-0.120346725,0.02495054,-0.22564536,0.1560835807784834,1,883109523,2021,-58.44982719228499,-23.83100193052893
0.0562,0.085,0.0922,0.0851,0.0359,0.0386,0.0259,0.0202,0.0104,0.0101,-0.5613887,0.53291255,0.7819707,-0.42699724,0.1109908,-0.1608963009220654,0.0254,0.0344,0.039,0.0382,0.0192,0.0207,0.0145,0.0137,0.007,0.0051,-0.45794395,0.40695298,0.66183573,-0.3488372,0.071012825,-0.0663956672215341,-0.10344471,0.12595953,0.120134905,0.039977975,-0.0945006337005312,7,885209526,2023,-57.38334728697829,-23.668137369518064
0.0338,0.0592,0.04545,0.0985,0.18375,0.24435,0.2331,0.24465,0.1276,0.0707,0.6736672,-0.5949367,-0.366167,-0.29248682,-0.21331969,0.3615374734181001,0.0626,0.0821,0.1094,0.1337,0.1487,0.1658,0.1742,0.1888,0.3306,0.2949,0.22849084,-0.35934454,-0.6021323,0.30982566,0.3002364,0.1240428830168226,0.44517636,-0.23559217,0.23596528,-0.5135561,0.2374945904012774,4,885109503,2019,-57.40957809327458,-24.81169272620221
